{
  "GAME_START_AUTO": [
    59.59009384009652,
    25.079137421600738,
    -25.35699173810705,
    -25.693224482944682,
    -0.06136787518165594,
    2.8309255254860584,
    -6.641753826754643,
    -3.4406927138485006,
    1.6831993366055442,
    -1.3579267135467363,
    -0.519910074454962,
    5.405635326305962,
    5.286335184778994
  ],
  "AUTO_END": [
    63.52226322766805,
    18.923722785661695,
    -35.61584496536243,
    -14.065737147506166,
    24.96221264219844,
    9.514041897360098,
    -18.905634475184996,
    -9.308581304309328,
    8.555707359083774,
    1.7178275795924007,
    -9.649626108832184,
    -4.888250608057173,
    4.3984138526598295
  ],
  "TELEOP_START": [
    73.8424686751409,
    22.427893847280348,
    -33.677985246864466,
    -15.25443861080378,
    8.414468204282754,
    5.386522863693338,
    3.2382246194909907,
    5.456417747366953,
    4.495842307752199,
    -0.6075897598581907,
    -2.4678592985672863,
    1.1662949188969418,
    3.167471101554518
  ],
  "WARNING_SONAR": [
    21.855134585462842,
    16.390440292525827,
    3.991129101775354,
    -7.231177979702481,
    -11.737308353470567,
    -8.8693235908454,
    -0.9577309788306524,
    8.259182233782905,
    14.196039578167799,
    13.414336112065895,
    6.509270869606117,
    -1.9129462260705195,
    -7.128253828480137
  ],
  "GAME_END": [
    63.52226322766805,
    18.923722785661695,
    -35.61584496536243,
    -14.065737147506166,
    24.96221264219844,
    9.514041897360098,
    -18.905634475184996,
    -9.308581304309328,
    8.555707359083774,
    1.7178275795924007,
    -9.649626108832184,
    -4.888250608057173,
    4.3984138526598295
  ],
  "GAME_END_ABORT": [
    44.95771617523046,
    39.477507394975504,
    25.72908006687495,
    9.907203997170761,
    -2.239438211170903,
    -8.330852422981055,
    -9.51923118316304,
    -8.507620320147682,
    -7.401517519626903,
    -6.818487564018173,
    -6.282605414118239,
    -5.138479962582104,
    -3.232406054956753
  ]
}